Chr,Sequence,SSV,Avg On Target,CFD,Cuts,Coverage(%),# Genes Affected,Genes,Off target sites (high probability)
NC_1,TAGGCCGACTGTAGCACGGGAGG,0.031,0.904,32.2,2,100,0,795273:none 903183:none ,,
NC_1,GCAGCGGCGGGAGCCAAAGTTGG,0.028,0.922,36.2,2,100,0,584766:none 985396:none ,,
NC_12,TAGGCCGACTGTAGCACGGGAGG,0.031,0.904,32.2,2,100,0,795273:none 903183:none ,,
NC_12,GCAGCGGCGGGAGCCAAAGTTGG,0.028,0.922,36.2,2,100,0,584766:none 985396:none ,,
NC_27,TAGGCCGACTGTAGCACGGGAGG,0.031,0.904,32.2,2,100,0,795273:none 903183:none ,,
NC_27,GCAGCGGCGGGAGCCAAAGTTGG,0.028,0.922,36.2,2,100,0,584766:none 985396:none ,,
NC_3,TAGGCCGACTGTAGCACGGGAGG,0.031,0.904,32.2,2,100,0,795273:none 903183:none ,,
NC_3,GCAGCGGCGGGAGCCAAAGTTGG,0.028,0.922,36.2,2,100,0,584766:none 985396:none ,,
NC_9,TAGGCCGACTGTAGCACGGGAGG,0.031,0.904,32.2,2,100,0,795273:none 903183:none , NC_5:TAGGCCGACTGTAGCACGGGAGG,
NC_9,GCAGCGGCGGGAGCCAAAGTTGG,0.028,0.922,36.2,2,100,0,584766:none 985396:none , NC_5:GCAGCGGCGGGAGCCAAAGTTGG,
NC_20,TAGGCCGACTGTAGCACGGGAGG,0.031,0.904,32.2,2,100,0,795273:none 903183:none ,,
NC_20,GCAGCGGCGGGAGCCAAAGTTGG,0.028,0.922,36.2,2,100,0,584766:none 985396:none ,,
NC_4,TAGGCCGACTGTAGCACGGGAGG,0.031,0.904,32.2,2,100,0,795273:none 903183:none ,,
NC_4,GCAGCGGCGGGAGCCAAAGTTGG,0.028,0.922,36.2,2,100,0,584766:none 985396:none ,,
NC_15,TAGGCCGACTGTAGCACGGGAGG,0.031,0.904,32.2,2,100,0,795273:none 903183:none ,,
NC_15,GCAGCGGCGGGAGCCAAAGTTGG,0.028,0.922,36.2,2,100,0,584766:none 985396:none ,,
NC_5,TAGGCCGACTGTAGCACGGGAGG,0.031,0.904,32.2,2,100,0,795273:none 903183:none , NC_14:TAGGCCGACTGTAGCACGGGAGG NC_4:TAGGCCGACTGTAGCACGGGAGG NC_9:TAGGCCGACTGTAGCACGGGAGG NC_20:TAGGCCGACTGTAGCACGGGAGG NC_8:TAGGCCGACTGTAGCACGGGAGG NC_1:TAGGCCGACTGTAGCACGGGAGG NC_17:TAGGCCGACTGTAGCACGGGAGG NC_10:TAGGCCGACTGTAGCACGGGAGG NC_2:TAGGCCGACTGTAGCACGGGAGG NC_26:TAGGCCGACTGTAGCACGGGAGG NC_22:TAGGCCGACTGTAGCACGGGAGG NC_3:TAGGCCGACTGTAGCACGGGAGG NC_11:TAGGCCGACTGTAGCACGGGAGG NC_27:TAGGCCGACTGTAGCACGGGAGG NC_15:TAGGCCGACTGTAGCACGGGAGG NC_28:TAGGCCGACTGTAGCACGGGAGG NC_21:TAGGCCGACTGTAGCACGGGAGG NC_0:TAGGCCGACTGTAGCACGGGAGG NC_7:TAGGCCGACTGTAGCACGGGAGG NC_16:TAGGCCGACTGTAGCACGGGAGG NC_23:TAGGCCGACTGTAGCACGGGAGG NC_19:TAGGCCGACTGTAGCACGGGAGG NC_6:TAGGCCGACTGTAGCACGGGAGG NC_13:TAGGCCGACTGTAGCACGGGAGG NC_18:TAGGCCGACTGTAGCACGGGAGG NC_12:TAGGCCGACTGTAGCACGGGAGG NC_25:TAGGCCGACTGTAGCACGGGAGG NC_24:TAGGCCGACTGTAGCACGGGAGG NC_29:TAGGCCGACTGTAGCACGGGAGG,
NC_5,GCAGCGGCGGGAGCCAAAGTTGG,0.028,0.922,36.2,2,100,0,584766:none 985396:none , NC_29:GCAGCGGCGGGAGCCAAAGTTGG NC_25:GCAGCGGCGGGAGCCAAAGTTGG NC_24:GCAGCGGCGGGAGCCAAAGTTGG NC_6:GCAGCGGCGGGAGCCAAAGTTGG NC_23:GCAGCGGCGGGAGCCAAAGTTGG NC_19:GCAGCGGCGGGAGCCAAAGTTGG NC_18:GCAGCGGCGGGAGCCAAAGTTGG NC_13:GCAGCGGCGGGAGCCAAAGTTGG NC_12:GCAGCGGCGGGAGCCAAAGTTGG NC_16:GCAGCGGCGGGAGCCAAAGTTGG NC_0:GCAGCGGCGGGAGCCAAAGTTGG NC_7:GCAGCGGCGGGAGCCAAAGTTGG NC_28:GCAGCGGCGGGAGCCAAAGTTGG NC_21:GCAGCGGCGGGAGCCAAAGTTGG NC_15:GCAGCGGCGGGAGCCAAAGTTGG NC_27:GCAGCGGCGGGAGCCAAAGTTGG NC_3:GCAGCGGCGGGAGCCAAAGTTGG NC_11:GCAGCGGCGGGAGCCAAAGTTGG NC_22:GCAGCGGCGGGAGCCAAAGTTGG NC_10:GCAGCGGCGGGAGCCAAAGTTGG NC_26:GCAGCGGCGGGAGCCAAAGTTGG NC_2:GCAGCGGCGGGAGCCAAAGTTGG NC_1:GCAGCGGCGGGAGCCAAAGTTGG NC_17:GCAGCGGCGGGAGCCAAAGTTGG NC_9:GCAGCGGCGGGAGCCAAAGTTGG NC_4:GCAGCGGCGGGAGCCAAAGTTGG NC_20:GCAGCGGCGGGAGCCAAAGTTGG NC_8:GCAGCGGCGGGAGCCAAAGTTGG NC_14:GCAGCGGCGGGAGCCAAAGTTGG,
NC_13,TAGGCCGACTGTAGCACGGGAGG,0.031,0.904,32.2,2,100,0,795273:none 903183:none ,,
NC_13,GCAGCGGCGGGAGCCAAAGTTGG,0.028,0.922,36.2,2,100,0,584766:none 985396:none ,,
NC_6,TAGGCCGACTGTAGCACGGGAGG,0.031,0.904,32.2,2,100,0,795273:none 903183:none ,,
NC_6,GCAGCGGCGGGAGCCAAAGTTGG,0.028,0.922,36.2,2,100,0,584766:none 985396:none ,,
NC_22,TAGGCCGACTGTAGCACGGGAGG,0.031,0.904,32.2,2,100,0,795273:none 903183:none ,,
NC_22,GCAGCGGCGGGAGCCAAAGTTGG,0.028,0.922,36.2,2,100,0,584766:none 985396:none ,,
NC_25,TAGGCCGACTGTAGCACGGGAGG,0.031,0.904,32.2,2,100,0,795273:none 903183:none ,,
NC_25,GCAGCGGCGGGAGCCAAAGTTGG,0.028,0.922,36.2,2,100,0,584766:none 985396:none ,,
NC_26,TAGGCCGACTGTAGCACGGGAGG,0.031,0.904,32.2,2,100,0,795273:none 903183:none ,,
NC_26,GCAGCGGCGGGAGCCAAAGTTGG,0.028,0.922,36.2,2,100,0,584766:none 985396:none ,,
NC_8,TAGGCCGACTGTAGCACGGGAGG,0.031,0.904,32.2,2,100,0,795273:none 903183:none ,,
NC_8,GCAGCGGCGGGAGCCAAAGTTGG,0.028,0.922,36.2,2,100,0,584766:none 985396:none ,,
NC_23,TAGGCCGACTGTAGCACGGGAGG,0.031,0.904,32.2,2,100,0,795273:none 903183:none ,,
NC_23,GCAGCGGCGGGAGCCAAAGTTGG,0.028,0.922,36.2,2,100,0,584766:none 985396:none ,,
NC_17,TAGGCCGACTGTAGCACGGGAGG,0.031,0.904,32.2,2,100,0,795273:none 903183:none ,,
NC_17,GCAGCGGCGGGAGCCAAAGTTGG,0.028,0.922,36.2,2,100,0,584766:none 985396:none ,,
NC_16,TAGGCCGACTGTAGCACGGGAGG,0.031,0.904,32.2,2,100,0,795273:none 903183:none ,,
NC_16,GCAGCGGCGGGAGCCAAAGTTGG,0.028,0.922,36.2,2,100,0,584766:none 985396:none ,,
NC_18,TAGGCCGACTGTAGCACGGGAGG,0.031,0.904,32.2,2,100,0,795273:none 903183:none ,,
NC_18,GCAGCGGCGGGAGCCAAAGTTGG,0.028,0.922,36.2,2,100,0,584766:none 985396:none ,,
NC_11,TAGGCCGACTGTAGCACGGGAGG,0.031,0.904,32.2,2,100,0,795273:none 903183:none ,,
NC_11,GCAGCGGCGGGAGCCAAAGTTGG,0.028,0.922,36.2,2,100,0,584766:none 985396:none ,,
NC_19,TAGGCCGACTGTAGCACGGGAGG,0.031,0.904,32.2,2,100,0,795273:none 903183:none ,,
NC_19,GCAGCGGCGGGAGCCAAAGTTGG,0.028,0.922,36.2,2,100,0,584766:none 985396:none ,,
NC_0,TAGGCCGACTGTAGCACGGGAGG,0.031,0.904,32.2,2,100,0,795273:none 903183:none ,,
NC_0,GCAGCGGCGGGAGCCAAAGTTGG,0.028,0.922,36.2,2,100,0,584766:none 985396:none ,,
NC_29,TAGGCCGACTGTAGCACGGGAGG,0.031,0.904,32.2,2,100,0,795273:none 903183:none ,,
NC_29,GCAGCGGCGGGAGCCAAAGTTGG,0.028,0.922,36.2,2,100,0,584766:none 985396:none ,,
NC_10,TAGGCCGACTGTAGCACGGGAGG,0.031,0.904,32.2,2,100,0,795273:none 903183:none ,,
NC_10,GCAGCGGCGGGAGCCAAAGTTGG,0.028,0.922,36.2,2,100,0,584766:none 985396:none ,,
NC_7,TAGGCCGACTGTAGCACGGGAGG,0.031,0.904,32.2,2,100,0,795273:none 903183:none ,,
NC_7,GCAGCGGCGGGAGCCAAAGTTGG,0.028,0.922,36.2,2,100,0,584766:none 985396:none ,,
NC_28,TAGGCCGACTGTAGCACGGGAGG,0.031,0.904,32.2,2,100,0,795273:none 903183:none ,,
NC_28,GCAGCGGCGGGAGCCAAAGTTGG,0.028,0.922,36.2,2,100,0,584766:none 985396:none ,,
NC_21,TAGGCCGACTGTAGCACGGGAGG,0.031,0.904,32.2,2,100,0,795273:none 903183:none ,,
NC_21,GCAGCGGCGGGAGCCAAAGTTGG,0.028,0.922,36.2,2,100,0,584766:none 985396:none ,,
NC_2,TAGGCCGACTGTAGCACGGGAGG,0.031,0.904,32.2,2,100,0,795273:none 903183:none ,,
NC_2,GCAGCGGCGGGAGCCAAAGTTGG,0.028,0.922,36.2,2,100,0,584766:none 985396:none ,,
NC_14,TAGGCCGACTGTAGCACGGGAGG,0.031,0.904,32.2,2,100,0,795273:none 903183:none ,,
NC_14,GCAGCGGCGGGAGCCAAAGTTGG,0.028,0.922,36.2,2,100,0,584766:none 985396:none ,,
NC_24,TAGGCCGACTGTAGCACGGGAGG,0.031,0.904,32.2,2,100,0,795273:none 903183:none ,,
NC_24,GCAGCGGCGGGAGCCAAAGTTGG,0.028,0.922,36.2,2,100,0,584766:none 985396:none ,,
