Chr,Sequence,SSV,Avg_On Target,CFD,Cuts,Coverage(%),Genes Affected,Genes on, Off target sites
NC_0,CATTTTGCCACACCGAACGGCGG,0.286,0.958,3.5,2,100,0,914353:none 253824:none , NC_2:CATTTTGCCACACCGAACGGCGG,
NC_0,ACTAATTGAGGCCCCTTGACCGG,0.312,0.566,3.2,2,100,2,40454:>ATXY0.0 766769:>ATXY0.2 , NC_2:ACTAATTGAGGCCCCTTGACCGG,
NC_0,GTGAGGATCGTAACCACTTACGG,0.244,0.540,4.1,2,100,0,672918:none 562649:none , NC_2:GTGAGGATCGTAACCACTTACGG,
NC_0,TGAGGATCGTAACCACTTACGGG,0.217,0.511,4.6,2,100,0,672919:none 562648:none , NC_2:GAAGGATCGTAACCACTTACGGG NC_2:TGAGGATCGTAACCACTTACGGG,
NC_0,GAAGGATCGTAACCACTTACGGG,0.217,0.515,4.6,2,100,0,672919:none 562648:none , NC_2:GAAGGATCGTAACCACTTACGGG NC_2:TGAGGATCGTAACCACTTACGGG,
NC_0,GTATAAGACTGGGGATGGTACGG,0.294,0.824,3.4,2,100,0,817508:none 725879:none , NC_2:GTATAAGACTGGGGATGGTACGG,
NC_0,CACCGGTCGGTGGCCACTAGGGG,0.312,0.906,3.2,2,100,1,60133:>ATXY0.1 399414:none , NC_2:CACCGGTCGGTGGCCACTAGGGG,
NC_0,ACTGTGTCGGTGGCCACTAGGGG,0.312,0.933,3.2,2,100,1,60133:>ATXY0.1 399414:none , NC_2:ACTGTGTCGGTGGCCACTAGGGG,
NC_0,GATTTAGACTGGGGATGGTACGG,0.286,0.792,3.5,2,100,0,817508:none 725879:none , NC_2:GATTTAGACTGGGGATGGTACGG,
NC_0,GAGTATGCCACACCGAACGGCGG,0.303,0.983,3.3,2,100,0,914353:none 253824:none , NC_2:GAGTATGCCACACCGAACGGCGG,
NC_1,CATTTTGCCACACCGAACGGCGG,0.286,0.958,3.5,2,100,1,914353:>ATXY1.2 253824:none ,,
NC_1,GTGAGGATCGTAACCACTTACGG,0.244,0.540,4.1,2,100,0,672918:none 562649:none ,,
NC_1,ACTAATTGAGGCCCCTTGACCGG,0.312,0.566,3.2,2,100,0,40454:none 766769:none ,,
NC_1,GAAGGATCGTAACCACTTACGGG,0.217,0.515,4.6,2,100,0,672919:none 562648:none ,,
NC_1,TGAGGATCGTAACCACTTACGGG,0.217,0.511,4.6,2,100,0,672919:none 562648:none ,,
NC_1,CACCGGTCGGTGGCCACTAGGGG,0.312,0.906,3.2,2,100,1,60133:>ATXY1.1 399414:none ,,
NC_1,ACTGTGTCGGTGGCCACTAGGGG,0.312,0.933,3.2,2,100,1,60133:>ATXY1.1 399414:none ,,
NC_1,GTATAAGACTGGGGATGGTACGG,0.294,0.824,3.4,2,100,0,817508:none 725879:none ,,
NC_1,GATTTAGACTGGGGATGGTACGG,0.286,0.792,3.5,2,100,0,817508:none 725879:none ,,
NC_1,GAGTATGCCACACCGAACGGCGG,0.303,0.983,3.3,2,100,1,914353:>ATXY1.2 253824:none ,,
NC_2,GTGAGGATCGTAACCACTTACGG,0.244,0.540,4.1,2,100,0,672918:none 562649:none , NC_0:GTGAGGATCGTAACCACTTACGG NC_1:GTGAGGATCGTAACCACTTACGG,
NC_2,ACTAATTGAGGCCCCTTGACCGG,0.312,0.566,3.2,2,100,0,40454:none 766769:none , NC_0:ACTAATTGAGGCCCCTTGACCGG NC_1:ACTAATTGAGGCCCCTTGACCGG,
NC_2,CATTTTGCCACACCGAACGGCGG,0.286,0.958,3.5,2,100,1,914353:>ATXY2.2 253824:none , NC_0:CATTTTGCCACACCGAACGGCGG NC_1:CATTTTGCCACACCGAACGGCGG,
NC_2,GAGTATGCCACACCGAACGGCGG,0.303,0.983,3.3,2,100,1,914353:>ATXY2.2 253824:none , NC_0:GAGTATGCCACACCGAACGGCGG NC_1:GAGTATGCCACACCGAACGGCGG,
NC_2,GATTTAGACTGGGGATGGTACGG,0.286,0.792,3.5,2,100,0,817508:none 725879:none , NC_0:GATTTAGACTGGGGATGGTACGG NC_1:GATTTAGACTGGGGATGGTACGG,
NC_2,GTATAAGACTGGGGATGGTACGG,0.294,0.824,3.4,2,100,0,817508:none 725879:none , NC_0:GTATAAGACTGGGGATGGTACGG NC_1:GTATAAGACTGGGGATGGTACGG,
NC_2,CACCGGTCGGTGGCCACTAGGGG,0.312,0.906,3.2,2,100,1,60133:>ATXY2.0 399414:none , NC_0:CACCGGTCGGTGGCCACTAGGGG NC_1:CACCGGTCGGTGGCCACTAGGGG,
NC_2,ACTGTGTCGGTGGCCACTAGGGG,0.312,0.933,3.2,2,100,1,60133:>ATXY2.0 399414:none , NC_0:ACTGTGTCGGTGGCCACTAGGGG NC_1:ACTGTGTCGGTGGCCACTAGGGG,
NC_2,GAAGGATCGTAACCACTTACGGG,0.217,0.515,4.6,2,100,0,672919:none 562648:none , NC_0:GAAGGATCGTAACCACTTACGGG NC_0:TGAGGATCGTAACCACTTACGGG NC_1:GAAGGATCGTAACCACTTACGGG NC_1:TGAGGATCGTAACCACTTACGGG,
NC_2,TGAGGATCGTAACCACTTACGGG,0.217,0.511,4.6,2,100,0,672919:none 562648:none , NC_0:GAAGGATCGTAACCACTTACGGG NC_0:TGAGGATCGTAACCACTTACGGG NC_1:GAAGGATCGTAACCACTTACGGG NC_1:TGAGGATCGTAACCACTTACGGG,
